{
    "$schema": "https://schema.management.azure.com/schemas/2015-01-01/deploymentParameters.json#",
    "contentVersion": "1.0.0.0",
    "parameters": {
        "workflows_5QC_EscalateIncident_name": {
            "value": null
        },
        "connections_azuresentinel_9_externalid": {
            "value": null
        },
        "connections_azuresentinel_10_externalid": {
            "value": null
        },
        "connections_office365_7_externalid": {
            "value": null
        },
        "connections_sharepointonline_1_externalid": {
            "value": null
        }
    }
}