{
    "$schema": "https://schema.management.azure.com/schemas/2019-04-01/deploymentParameters.json#",
    "contentVersion": "1.0.0.0",
    "parameters": {
        "PlaybookName": {
            "value": "Comment_RemediationSteps"
        },
        "UserName": {
            "value": "username@domain"
        },
        "AzureSentinelLogAnalyticsWorkspaceName": {
            "value": "-LogAnalytics-Sentinel"
        },
        "AzureSentinelLogAnalyticsWorkspaceResourceGroupName": {
            "value": "rg--sentinel"
        }
    }
}