{
    "$schema": "https://schema.management.azure.com/schemas/2019-04-01/deploymentTemplate.json#",
    "contentVersion": "1.0.0.0",
    "metadata": {
        "comments": "This playbook will take the IP address entities from the Incident and query a Geo-IP API to geo-locate the IP Address.  It will write the City and Country to a tag on the Incident.",
        "author": "Nicholas DiCola"
    },
    "parameters": {
        "PlaybookName": {
            "defaultValue": "Get-GeoFromIpAndTagIncident",
            "type": "string"
        }
    },
    "variables": {
        "AzureSentinelConnectionName": "[concat('azuresentinel-', parameters('PlaybookName'))]",
        "IPAPIConnectionName": "[concat('IP-API-', parameters('PlaybookName'))]"
    },
    "resources": [
        {
            "type": "Microsoft.Resources/deployments",
            "apiVersion": "2020-10-01",
            "name": "linkedTemplate",
            "properties": {
                "mode": "Incremental",
                "templateLink": {
                    "uri": "https://raw.githubusercontent.com/Azure/Azure-Sentinel/master/Playbooks/Get-GeoFromIpAndTagIncident/customConnector/azuredeploy.json",
                    "contentVersion": "1.0.0.0"
                }
            }
        },
        {
            "type": "Microsoft.Web/connections",
            "apiVersion": "2016-06-01",
            "name": "[variables('IPAPIConnectionName')]",
            "location": "[resourceGroup().location]",
            "dependsOn": [
                "[resourceId('Microsoft.Resources/deployments', 'linkedTemplate')]"
            ],
            "properties": {
                "displayName": "[parameters('PlaybookName')]",
                "customParameterValues": {},
                "api": {
                    "id": "[concat('/subscriptions/', subscription().subscriptionId ,'/resourceGroups/', resourcegroup().name ,'/providers/Microsoft.Web/customApis/IP-API')]"
                }
            }
        },
        {
            "type": "Microsoft.Web/connections",
            "apiVersion": "2016-06-01",
            "name": "[variables('AzureSentinelConnectionName')]",
            "location": "[resourceGroup().location]",
            "kind": "V1",
            "properties": {
                "displayName": "[parameters('PlaybookName')]",
                "customParameterValues": {},
                "parameterValueType": "Alternative",
                "api": {
                    "id": "[concat('/subscriptions/', subscription().subscriptionId, '/providers/Microsoft.Web/locations/', resourceGroup().location, '/managedApis/azuresentinel')]"
                }
            }
        },
        {
            "type": "Microsoft.Logic/workflows",
            "apiVersion": "2017-07-01",
            "name": "[parameters('PlaybookName')]",
            "location": "[resourceGroup().location]",
            "tags": {
                "LogicAppsCategory": "security",
                "hidden-SentinelTemplateName": "Get-GeoFromIpAndTagIncident",
                "hidden-SentinelTemplateVersion": "1.0"
            },
            "identity": {
                "type": "SystemAssigned"
            },
            "dependsOn": [
                "[resourceId('Microsoft.Resources/deployments', 'linkedTemplate')]",
                "[resourceId('Microsoft.Web/connections', variables('AzureSentinelConnectionName'))]",
                "[resourceId('Microsoft.Web/connections', variables('IPAPIConnectionName'))]"
            ],
            "properties": {
                "state": "Enabled",
                "definition": {
                    "$schema": "https://schema.management.azure.com/providers/Microsoft.Logic/schemas/2016-06-01/workflowdefinition.json#",
                    "actions": {
                        "Entities_-_Get_IPs": {
                            "inputs": {
                                "body": "@triggerBody()?['object']?['properties']?['relatedEntities']",
                                "host": {
                                    "connection": {
                                        "name": "@parameters('$connections')['azuresentinel']['connectionId']"
                                    }
                                },
                                "method": "post",
                                "path": "/entities/ip"
                            },
                            "runAfter": {},
                            "type": "ApiConnection"
                        },
                        "For_each": {
                            "actions": {
                                "Add_comment_to_incident_(V3)": {
                                    "inputs": {
                                        "body": {
                                            "incidentArmId": "@triggerBody()?['object']?['id']",
                                            "message": "<p>IP Address: @{items('For_each')?['Address']}<br>\nCity: @{body('Query_IP')?['city']}<br>\nCountry: @{body('Query_IP')?['country']}<br>\nCountry Code: @{body('Query_IP')?['countryCode']}<br>\nISP: @{body('Query_IP')?['isp']}<br>\nORG: @{body('Query_IP')?['org']}<br>\nLatitude: @{body('Query_IP')?['lat']}<br>\nLongitude: @{body('Query_IP')?['lon']}</p>"
                                        },
                                        "host": {
                                            "connection": {
                                                "name": "@parameters('$connections')['azuresentinel']['connectionId']"
                                            }
                                        },
                                        "method": "post",
                                        "path": "/Incidents/Comment"
                                    },
                                    "runAfter": {
                                        "Update_incident": [
                                            "Succeeded"
                                        ]
                                    },
                                    "type": "ApiConnection"
                                },
                                "Query_IP": {
                                    "inputs": {
                                        "host": {
                                            "connection": {
                                                "name": "@parameters('$connections')['IP-API']['connectionId']"
                                            }
                                        },
                                        "method": "get",
                                        "path": "/@{encodeURIComponent(items('For_each')?['Address'])}"
                                    },
                                    "runAfter": {},
                                    "type": "ApiConnection"
                                },
                                "Update_incident": {
                                    "inputs": {
                                        "body": {
                                            "incidentArmId": "@triggerBody()?['object']?['id']",
                                            "tagsToAdd": {
                                                "TagsToAdd": [
                                                    {
                                                        "Tag": "@body('Query_IP')?['city']"
                                                    },
                                                    {
                                                        "Tag": "@body('Query_IP')?['country']"
                                                    }
                                                ]
                                            }
                                        },
                                        "host": {
                                            "connection": {
                                                "name": "@parameters('$connections')['azuresentinel']['connectionId']"
                                            }
                                        },
                                        "method": "put",
                                        "path": "/Incidents"
                                    },
                                    "runAfter": {
                                        "Query_IP": [
                                            "Succeeded"
                                        ]
                                    },
                                    "type": "ApiConnection"
                                }
                            },
                            "foreach": "@body('Entities_-_Get_IPs')?['IPs']",
                            "runAfter": {
                                "Entities_-_Get_IPs": [
                                    "Succeeded"
                                ]
                            },
                            "runtimeConfiguration": {
                                "concurrency": {
                                    "repetitions": 1
                                }
                            },
                            "type": "Foreach"
                        }
                    },
                    "contentVersion": "1.0.0.0",
                    "outputs": {},
                    "parameters": {
                        "$connections": {
                            "defaultValue": {},
                            "type": "Object"
                        }
                    },
                    "triggers": {
                        "Microsoft_Sentinel_incident": {
                            "inputs": {
                                "body": {
                                    "callback_url": "@{listCallbackUrl()}"
                                },
                                "host": {
                                    "connection": {
                                        "name": "@parameters('$connections')['azuresentinel']['connectionId']"
                                    }
                                },
                                "path": "/incident-creation"
                            },
                            "type": "ApiConnectionWebhook"
                        }
                    }
                },
                "parameters": {
                    "$connections": {
                        "value": {
                            "IP-API": {
                                "connectionId": "[resourceId('Microsoft.Web/connections', variables('IPAPIConnectionName'))]",
                                "connectionName": "[variables('IPAPIConnectionName')]",
                                "id": "[concat('/subscriptions/', subscription().subscriptionId ,'/resourceGroups/', resourcegroup().name ,'/providers/Microsoft.Web/customApis/IP-API')]"
                            },
                            "azuresentinel": {
                                "connectionId": "[resourceId('Microsoft.Web/connections', variables('AzureSentinelConnectionName'))]",
                                "connectionName": "[variables('AzureSentinelConnectionName')]",
                                "id": "[concat('/subscriptions/', subscription().subscriptionId, '/providers/Microsoft.Web/locations/', resourceGroup().location, '/managedApis/azuresentinel')]",
                                "connectionProperties": {
                                    "authentication": {
                                        "type": "ManagedServiceIdentity"
                                    }
                                }
                            }
                        }
                    }
                }
            }
        }
    ]
}