{
    "$schema": "https://schema.management.azure.com/schemas/2019-04-01/deploymentTemplate.json#",
    "contentVersion": "1.0.0.0",
    "metadata": {
        "title": "URL Enrichment - Virus Total report",
        "description": "This playbook will take each URL entity and query VirusTotal for URL Report (https://developers.virustotal.com/v3.0/reference#url-info). It will write the results to Log Analytics and add a comment to the incident.",
        "prerequisites": "Register to Virus Total community for an API key.",
        "lastUpdateTime": "2021-05-08T00:00:00.000Z",
        "entities": [ "URL" ],
        "tags": [ "Enrichment" ],
        "support": {
            "tier": "Community"
        },
        "author": {
            "name": "Nicholas DiCola"
        }
    },
    "parameters": {
        "PlaybookName": {
            "defaultValue": "Get-VirusTotalURLReport",
            "type": "string"
        }
    },
    "variables": {
        "AzureLogAnalyticsDataCollectorConnectionName": "[concat('azureloganalyticsdatacollector-', parameters('PlaybookName'))]",
        "AzureSentinelConnectionName": "[concat('azuresentinel-', parameters('PlaybookName'))]",
        "VirusTotalConnectionName": "[concat('virustotal-',parameters('PlaybookName'))]"
    },
    "resources": [
        {
            "type": "Microsoft.Web/connections",
            "apiVersion": "2016-06-01",
            "name": "[variables('AzureLogAnalyticsDataCollectorConnectionName')]",
            "location": "[resourceGroup().location]",
            "properties": {
                "displayName": "[variables('AzureLogAnalyticsDataCollectorConnectionName')]",
                "customParameterValues": {},
                "api": {
                    "id": "[concat('/subscriptions/', subscription().subscriptionId, '/providers/Microsoft.Web/locations/', resourceGroup().location, '/managedApis/azureloganalyticsdatacollector')]"
                }
            }
        },
        {
            "type": "Microsoft.Web/connections",
            "apiVersion": "2016-06-01",
            "name": "[variables('VirusTotalConnectionName')]",
            "location": "[resourceGroup().location]",
            "properties": {
                "displayName": "[variables('VirusTotalConnectionName')]",
                "api": {
                    "id": "[concat('/subscriptions/', subscription().subscriptionId, '/providers/Microsoft.Web/locations/', resourceGroup().location, '/managedApis/virustotal')]"
                }
            }
        },
        {
            "type": "Microsoft.Web/connections",
            "apiVersion": "2016-06-01",
            "name": "[variables('AzureSentinelConnectionName')]",
            "location": "[resourceGroup().location]",
            "kind": "V1",
            "properties": {
                "displayName": "[parameters('PlaybookName')]",
                "customParameterValues": {},
                "parameterValueType": "Alternative",
                "api": {
                    "id": "[concat('/subscriptions/', subscription().subscriptionId, '/providers/Microsoft.Web/locations/', resourceGroup().location, '/managedApis/azuresentinel')]"
                }
            }
        },
        {
            "type": "Microsoft.Logic/workflows",
            "apiVersion": "2017-07-01",
            "name": "[parameters('PlaybookName')]",
            "location": "[resourceGroup().location]",
            "tags": {
                "LogicAppsCategory": "security",
                "hidden-SentinelTemplateName": "Get-VirusTotalURLReport",
                "hidden-SentinelTemplateVersion": "1.0"
            },
            "identity": {
                "type": "SystemAssigned"
            },
            "dependsOn": [
                "[resourceId('Microsoft.Web/connections', variables('AzureLogAnalyticsDataCollectorConnectionName'))]",
                "[resourceId('Microsoft.Web/connections', variables('VirusTotalConnectionName'))]",
                "[resourceId('Microsoft.Web/connections', variables('AzureSentinelConnectionName'))]"
            ],
            "properties": {
                "state": "Enabled",
                "definition": {
                    "$schema": "https://schema.management.azure.com/providers/Microsoft.Logic/schemas/2016-06-01/workflowdefinition.json#",
                    "actions": {
                        "Entities_-_Get_URLs": {
                            "inputs": {
                                "body": "@triggerBody()?['object']?['properties']?['relatedEntities']",
                                "host": {
                                    "connection": {
                                        "name": "@parameters('$connections')['azuresentinel']['connectionId']"
                                    }
                                },
                                "method": "post",
                                "path": "/entities/url"
                            },
                            "runAfter": {},
                            "type": "ApiConnection"
                        },
                        "For_each": {
                            "actions": {
                                "Analyse_an_URL": {
                                    "inputs": {
                                        "body": {
                                            "$content-type": "multipart/form-data",
                                            "$multipart": [
                                                {
                                                    "body": "@items('For_each')?['Url']",
                                                    "headers": {
                                                        "Content-Disposition": "form-data; name=\"url\""
                                                    }
                                                }
                                            ]
                                        },
                                        "host": {
                                            "connection": {
                                                "name": "@parameters('$connections')['virustotal']['connectionId']"
                                            }
                                        },
                                        "method": "post",
                                        "path": "/api/v3/urls"
                                    },
                                    "runAfter": {},
                                    "type": "ApiConnection"
                                },
                                "Condition": {
                                    "actions": {
                                        "Add_comment_to_incident_(V3)": {
                                            "inputs": {
                                                "body": {
                                                    "incidentArmId": "@triggerBody()?['object']?['id']",
                                                    "message": "<p>Virus Total File Report found for @{items('For_each')?['Url']}<br>\nReputation is: @{body('Get_URL_report')?['data']?['attributes']?['reputation']} which indicates likely harmless<br>\nQuery: VTURLReport_CL | where id_s == \"@{items('For_each')?['Url']}\"</p>"
                                                },
                                                "host": {
                                                    "connection": {
                                                        "name": "@parameters('$connections')['azuresentinel']['connectionId']"
                                                    }
                                                },
                                                "method": "post",
                                                "path": "/Incidents/Comment"
                                            },
                                            "runAfter": {
                                                "Send_Data": [
                                                    "Succeeded"
                                                ]
                                            },
                                            "type": "ApiConnection"
                                        },
                                        "Send_Data": {
                                            "inputs": {
                                                "body": "@{body('Get_URL_report')?['data']}",
                                                "headers": {
                                                    "Log-Type": "VTURLReport",
                                                    "time-generated-field": "@{utcNow()}"
                                                },
                                                "host": {
                                                    "connection": {
                                                        "name": "@parameters('$connections')['azureloganalyticsdatacollector']['connectionId']"
                                                    }
                                                },
                                                "method": "post",
                                                "path": "/api/logs"
                                            },
                                            "runAfter": {},
                                            "type": "ApiConnection"
                                        }
                                    },
                                    "else": {
                                        "actions": {
                                            "Add_comment_to_incident_(V3)_2": {
                                                "inputs": {
                                                    "body": {
                                                        "incidentArmId": "@triggerBody()?['object']?['id']",
                                                        "message": "<p>Virus Total File Report found for @{items('For_each')?['Url']}<br>\nReputation is: @{body('Get_URL_report')?['data']?['attributes']?['reputation']} which indicates likely malicous<br>\nQuery: VTURLReport_CL | where id_s == \"@{items('For_each')?['Url']}\"</p>"
                                                    },
                                                    "host": {
                                                        "connection": {
                                                            "name": "@parameters('$connections')['azuresentinel']['connectionId']"
                                                        }
                                                    },
                                                    "method": "post",
                                                    "path": "/Incidents/Comment"
                                                },
                                                "runAfter": {
                                                    "Send_Data_2": [
                                                        "Succeeded"
                                                    ]
                                                },
                                                "type": "ApiConnection"
                                            },
                                            "Send_Data_2": {
                                                "inputs": {
                                                    "body": "@{body('Get_URL_report')?['data']}",
                                                    "headers": {
                                                        "Log-Type": "VTURLReport",
                                                        "time-generated-field": "@{utcNow()}"
                                                    },
                                                    "host": {
                                                        "connection": {
                                                            "name": "@parameters('$connections')['azureloganalyticsdatacollector']['connectionId']"
                                                        }
                                                    },
                                                    "method": "post",
                                                    "path": "/api/logs"
                                                },
                                                "runAfter": {},
                                                "type": "ApiConnection"
                                            }
                                        }
                                    },
                                    "expression": {
                                        "or": [
                                            {
                                                "greaterOrEquals": [
                                                    "@body('Get_URL_report')?['data']?['attributes']?['reputation']",
                                                    0
                                                ]
                                            }
                                        ]
                                    },
                                    "runAfter": {
                                        "Get_URL_report": [
                                            "Succeeded"
                                        ]
                                    },
                                    "type": "If"
                                },
                                "Get_URL_report": {
                                    "inputs": {
                                        "host": {
                                            "connection": {
                                                "name": "@parameters('$connections')['virustotal']['connectionId']"
                                            }
                                        },
                                        "method": "get",
                                        "path": "/api/v3/urls/@{encodeURIComponent(body('Analyse_an_URL')?['data']?['id'])}"
                                    },
                                    "runAfter": {
                                        "Analyse_an_URL": [
                                            "Succeeded"
                                        ]
                                    },
                                    "type": "ApiConnection"
                                }
                            },
                            "foreach": "@body('Entities_-_Get_URLs')?['URLs']",
                            "runAfter": {
                                "Entities_-_Get_URLs": [
                                    "Succeeded"
                                ]
                            },
                            "type": "Foreach"
                        }
                    },
                    "contentVersion": "1.0.0.0",
                    "outputs": {},
                    "parameters": {
                        "$connections": {
                            "defaultValue": {},
                            "type": "Object"
                        }
                    },
                    "triggers": {
                        "When_Azure_Sentinel_incident_creation_rule_was_triggered": {
                            "inputs": {
                                "body": {
                                    "callback_url": "@{listCallbackUrl()}"
                                },
                                "host": {
                                    "connection": {
                                        "name": "@parameters('$connections')['azuresentinel']['connectionId']"
                                    }
                                },
                                "path": "/incident-creation"
                            },
                            "type": "ApiConnectionWebhook"
                        }
                    }
                },
                "parameters": {
                    "$connections": {
                        "value": {
                            "azureloganalyticsdatacollector": {
                                "connectionId": "[resourceId('Microsoft.Web/connections', variables('AzureLogAnalyticsDataCollectorConnectionName'))]",
                                "connectionName": "[variables('AzureSentinelConnectionName')]",
                                "id": "[concat('/subscriptions/', subscription().subscriptionId, '/providers/Microsoft.Web/locations/', resourceGroup().location, '/managedApis/azureloganalyticsdatacollector')]"
                            },
                            "azuresentinel": {
                                "connectionId": "[resourceId('Microsoft.Web/connections', variables('AzureSentinelConnectionName'))]",
                                "connectionName": "[variables('AzureSentinelConnectionName')]",
                                "id": "[concat('/subscriptions/', subscription().subscriptionId, '/providers/Microsoft.Web/locations/', resourceGroup().location, '/managedApis/azuresentinel')]",
                                "connectionProperties": {
                                    "authentication": {
                                        "type": "ManagedServiceIdentity"
                                    }
                                }
                            },
                            "virustotal": {
                                "connectionId": "[resourceId('Microsoft.Web/connections', variables('VirusTotalConnectionName'))]",
                                "connectionName": "[variables('VirusTotalConnectionName')]",
                                "id": "[concat('/subscriptions/', subscription().subscriptionId, '/providers/Microsoft.Web/locations/', resourceGroup().location, '/managedApis/virustotal')]"
                            }
                        }
                    }
                }
            }
        }
    ]
}
