{
    "$schema": "https://schema.management.azure.com/schemas/2015-01-01/deploymentParameters.json#",
    "contentVersion": "1.0.0.0",
    "parameters": {
        "workflows_5QC_EmailEnrichment_name": {
            "value": null
        },
        "connections_azuresentinel_4_externalid": {
            "value": null
        },
        "connections_teams_5_externalid": {
            "value": null
        },
        "connections_virustotal_2_externalid": {
            "value": null
        }
    }
}